,link,title
0,https://n.news.naver.com/article/055/0001047438?ntype=RANKING,요즘 신입? 인사도 안 해요…논쟁까지 등장
1,https://n.news.naver.com/article/055/0001047557?ntype=RANKING,"윤건영 의원 ""문 전 대통령, 당분간 민주당 포함 정치인 안 만날 것"""
2,https://n.news.naver.com/article/055/0001047555?ntype=RANKING,"""내가 해병대 대장""…초등생 멱살 잡아 학대한 '동네 할아버지'"
3,https://n.news.naver.com/article/055/0001047551?ntype=RANKING,왜 서울에서도 '도미노 폐교' 위기가 닥쳤나
4,https://n.news.naver.com/article/055/0001047525?ntype=RANKING,[영상] 인천 부평 롯데시네마 건물서 큰 불…대응 1단계
5,https://n.news.naver.com/article/020/0003489113?ntype=RANKING,이재명은 기소 당일 ‘당헌 80조’ 예외라더니…노웅래는 미루는 민주당
6,https://n.news.naver.com/article/020/0003489106?ntype=RANKING,“카페는 젊은사람 오는곳 비켜달라”…20대 여성들 60대에 요구 [e글e글]
7,https://n.news.naver.com/article/020/0003489118?ntype=RANKING,돌아온 ‘삭발의 계절’ [김지현의 정치언락]
8,https://n.news.naver.com/article/020/0003489146?ntype=RANKING,[단독]‘이준석 징계’ 주도한 與 이양희 윤리위원장 사의 표명
9,https://n.news.naver.com/article/020/0003489115?ntype=RANKING,"“목숨 내놓고 달림”…불법운전 인증 논란 김선신 아나, 신고당했다"
10,https://n.news.naver.com/article/422/0000591903?ntype=RANKING,"리얼미터 ""윤대통령 지지율 36.7%…4주만에 소폭 반등"""
11,https://n.news.naver.com/article/422/0000591900?ntype=RANKING,"윤대통령 ""4·3 희생자 넋 보듬겠단 약속 변함 없어"""
12,https://n.news.naver.com/article/422/0000591915?ntype=RANKING,"기소 불구…트럼프, 공화당 경선 지지율 압도적 1위"
13,https://n.news.naver.com/article/422/0000591905?ntype=RANKING,'서해 피격' 서훈 전 안보실장 보석…석방돼 재판
14,https://n.news.naver.com/article/422/0000591930?ntype=RANKING,섬에서 양귀비·대마 몰래 경작…해경 집중 단속
15,https://n.news.naver.com/article/214/0001263775?ntype=RANKING,"경찰 ""유아인 재소환‥'천공' 출석 안 해 조율 중"""
16,https://n.news.naver.com/article/214/0001263754?ntype=RANKING,"""이게 사과문? 다시 써오세요"" 정순신 아들, 어떻게 썼길래‥"
17,https://n.news.naver.com/article/214/0001263714?ntype=RANKING,"윤 대통령 ""무고한 4·3 희생자 추모는 자유민주주의 국가의 의무"""
18,https://n.news.naver.com/article/214/0001263758?ntype=RANKING,"국민의힘 '민생119' 첫 회의‥""1호 과제는 도서지역 생수 보내기"""
19,https://n.news.naver.com/article/214/0001263746?ntype=RANKING,인천 부평 롯데시네마 입점 건물에서 화재
20,https://n.news.naver.com/article/437/0000337851?ntype=RANKING,"[현장영상] '4·3 김일성 지시' 태영호 ""어떤 점 사과해야 하는지 납득 안 돼"""
21,https://n.news.naver.com/article/437/0000337830?ntype=RANKING,"""인형 줄게""…공원서 놀던 어린이 자기 집으로 데려가려 한 40대 체포"
22,https://n.news.naver.com/article/437/0000337819?ntype=RANKING,"윤 대통령 '잘 한다' 36.7% '못 한다' 61.6%…국힘 37.1%, 민주 47.1%ㅣ리얼미터"
23,https://n.news.naver.com/article/437/0000337848?ntype=RANKING,"'서해 피격 은폐 혐의' 서훈 전 안보실장, 보석으로 풀려나"
24,https://n.news.naver.com/article/437/0000337856?ntype=RANKING,인천 부평 롯데시네마 입점 건물 1층 화재...소방대응 1단계 발령
25,https://n.news.naver.com/article/215/0001092818?ntype=RANKING,비싸서 못 마신다…소주·맥주 6천원 시대 임박
26,https://n.news.naver.com/article/215/0001092797?ntype=RANKING,"김정은 옆 남성 얼굴, 모자이크 처리한 이유는?"
27,https://n.news.naver.com/article/215/0001092742?ntype=RANKING,"국민연금 월 200만원 이상 받는 수급자 5,000명 넘어서"
28,https://n.news.naver.com/article/215/0001092839?ntype=RANKING,"윤 대통령 지지율, 4주 만에 반등…36.7%"
29,https://n.news.naver.com/article/215/0001092903?ntype=RANKING,"신속채무조정 특례 청년→전연령 확대…""상환부담 완화"""
30,https://n.news.naver.com/article/025/0003270387?ntype=RANKING,"""사이드미러 없이 달림""…SNS 올린 김선신 아나 신고당했다"
31,https://n.news.naver.com/article/025/0003270413?ntype=RANKING,"""죽는한 있어도 소놓고 못가""...다시 커진 홍성 산불, 발만 동동 [르포]"
32,https://n.news.naver.com/article/025/0003270359?ntype=RANKING,"이재명 ""與, 제주 4·3 정신 모독…'김일성 지시' 망언 사과 없어"""
33,https://n.news.naver.com/article/025/0003270317?ntype=RANKING,자꾸만 줄서는 이재용…이 모습 보면 삼성맨 최애 복지 안다
34,https://n.news.naver.com/article/025/0003270428?ntype=RANKING,"TV토론서 ""윤석열 이 XXX""…'쥴리 의혹' 제기 안해욱 고발 당해"
35,https://n.news.naver.com/article/366/0000890388?ntype=RANKING,"태영호, ‘4·3사건 김일성 지시’ 비판에 “사과 요구 납득 안 돼”"
36,https://n.news.naver.com/article/366/0000890260?ntype=RANKING,“코인 사기 피해자들이 사주한 것”…강남 납치·살인 추가 공범 드러나나
37,https://n.news.naver.com/article/366/0000890373?ntype=RANKING,"“가격 연이어 올리더니” 韓 매출 1조 앞둔 디올, 1650억 배당 잔치... 기부금은 1600만원"
38,https://n.news.naver.com/article/366/0000890390?ntype=RANKING,“뇌관 터지면 금융시스템 위태”…한은 ‘부동산PF 부실’ 잇따라 경고
39,https://n.news.naver.com/article/366/0000890353?ntype=RANKING,인천 부평 롯데시네마 화재… 대응 1단계 발령(종합)
40,https://n.news.naver.com/article/005/0001598315?ntype=RANKING,"女알바에 “번호 좀” 흰수염 남성, 거절당하자 팔 덥석"
41,https://n.news.naver.com/article/005/0001598150?ntype=RANKING,[단독] “10초복귀!” 명령에 훈련병 수백명 계단서 우르르
42,https://n.news.naver.com/article/005/0001598382?ntype=RANKING,"한동훈, ‘총선 출마설’ 박범계에 “저 있을 때 말하길”"
43,https://n.news.naver.com/article/005/0001598310?ntype=RANKING,"“목숨 내놓고 달려”…김선신 아나, ‘불법 운전’ 신고 접수"
44,https://n.news.naver.com/article/005/0001598254?ntype=RANKING,“제천 산불 났는데 충북지사는 술판?” 논란 부른 사진
45,https://n.news.naver.com/article/052/0001868571?ntype=RANKING,"""尹 지지율, 0.7%p 오른 36.7%...부정 61.6%""[리얼미터]"
46,https://n.news.naver.com/article/052/0001868593?ntype=RANKING,"태영호, '4·3 발언' 논란에 ""무엇을 사과해야 하나"""
47,https://n.news.naver.com/article/052/0001868584?ntype=RANKING,"[이앤피] 尹, 4.3 추념식 불참...野""야구장 갈 시간은 있고 추념식 갈 시간 없나"" 外"
48,https://n.news.naver.com/article/052/0001868557?ntype=RANKING,2월 온라인 배달음식 주문 11.5%↓...역대 최대 폭 감소
49,https://n.news.naver.com/article/052/0001868539?ntype=RANKING,인천공항에서 또 실탄 발견...몽골인 승객 수하물에서 100발 나와
50,https://n.news.naver.com/article/047/0002387479?ntype=RANKING,"뿔난 홍준표 ""김기현, 전광훈 밑에서 잘해보세요"""
51,https://n.news.naver.com/article/047/0002387455?ntype=RANKING,"대통령은 시구, 서북청년단 난입... 참담한 분위기의 제주"
52,https://n.news.naver.com/article/047/0002387473?ntype=RANKING,"편의점 도시락 먹은 국힘, 민생 대책 1호는 물보내기 운동"
53,https://n.news.naver.com/article/047/0002387471?ntype=RANKING,"윤 대통령 4.3 추념사, 지난해 내용 재탕?"
54,https://n.news.naver.com/article/047/0002387425?ntype=RANKING,"정의당 ""한동훈 장관, 경거망동 멈춰라... '쌍특검' 밀어붙일 것"""
55,https://n.news.naver.com/article/032/0003214934?ntype=RANKING,"교촌치킨, 오늘부터 3000원 올려... 생수, 커피 등 소비자 물가 줄인상"
56,https://n.news.naver.com/article/032/0003214909?ntype=RANKING,"이준석, 국민의힘 ‘4·3 흔들기’ 작심 비판 “선거로 따끔하게 교정해야”"
57,https://n.news.naver.com/article/032/0003214987?ntype=RANKING,전광훈 목사에 연일 휘둘리는 국민의힘···왜 단절하지 못하나
58,https://n.news.naver.com/article/032/0003214918?ntype=RANKING,"“제주4·3 견뎌냈으니, 딛고 섰노라”…75주년 4·3추념식 봉행"
59,https://n.news.naver.com/article/032/0003214877?ntype=RANKING,"태영호, ‘4·3사건 발언’ “어떤 점에서 사과해야 되는지 납득 안돼”"
